"Town","FIPS","Year","Year Submitted","Town Profile Year","Variable","Measure Type","Value"
"Andover","0901301080",2009,2010,2016,"Net Grand List","Number",275587542
"Andover","0901301080",2009,2010,2016,"Top 10 Total Grand List","Number",9047760
"Andover","0901301080",2009,2010,2016,"Total Grand List","Number",277124550
"Andover","0901301080",2009,2010,2017,"Net Grand List","Number",275587542
"Andover","0901301080",2009,2010,2017,"Top 10 Total Grand List","Number",9047760
"Andover","0901301080",2009,2010,2017,"Total Grand List","Number",277124550
"Ansonia","0900901220",2014,2015,2016,"Net Grand List","Number",894130365
"Ansonia","0900901220",2014,2015,2016,"Top 10 Total Grand List","Number",66739130
"Ansonia","0900901220",2014,2015,2016,"Total Grand List","Number",1027835763
"Ansonia","0900901220",2015,2015,2017,"Net Grand List","Number",-666666
"Ansonia","0900901220",2015,2015,2017,"Top 10 Total Grand List","Number",63546715
"Ansonia","0900901220",2015,2015,2017,"Total Grand List","Number",-666666
"Ashford","0901501430",2014,2015,2016,"Net Grand List","Number",297739652
"Ashford","0901501430",2014,2015,2016,"Top 10 Total Grand List","Number",17317090
"Ashford","0901501430",2014,2015,2016,"Total Grand List","Number",301066933
"Ashford","0901501430",2016,2017,2017,"Net Grand List","Number",297213786
"Ashford","0901501430",2016,2017,2017,"Top 10 Total Grand List","Number",18323126
"Ashford","0901501430",2016,2017,2017,"Total Grand List","Number",338012326
"Avon","0900302060",2014,2014,2016,"Net Grand List","Number",2578884230
"Avon","0900302060",2014,2014,2016,"Top 10 Total Grand List","Number",125794480
"Avon","0900302060",2014,2014,2016,"Total Grand List","Number",2606515660
"Avon","0900302060",2016,2017,2017,"Net Grand List","Number",2611868210
"Avon","0900302060",2016,2017,2017,"Top 10 Total Grand List","Number",124744610
"Avon","0900302060",2016,2017,2017,"Total Grand List","Number",2643403860
"Barkhamsted","0900502760",2014,2014,2016,"Net Grand List","Number",341702725
"Barkhamsted","0900502760",2014,2014,2016,"Top 10 Total Grand List","Number",48583460
"Barkhamsted","0900502760",2014,2014,2016,"Total Grand List","Number",347938605
"Barkhamsted","0900502760",2016,2017,2017,"Net Grand List","Number",347305740
"Barkhamsted","0900502760",2016,2017,2017,"Top 10 Total Grand List","Number",48061170
"Barkhamsted","0900502760",2016,2017,2017,"Total Grand List","Number",353419590
"Beacon Falls","0900903250",2013,2014,2016,"Net Grand List","Number",475004584
"Beacon Falls","0900903250",2013,2014,2016,"Top 10 Total Grand List","Number",41750550
"Beacon Falls","0900903250",2013,2014,2016,"Total Grand List","Number",522448654
"Beacon Falls","0900903250",2016,2014,2017,"Net Grand List","Number",464422191
"Beacon Falls","0900903250",2016,2014,2017,"Top 10 Total Grand List","Number",0
"Beacon Falls","0900903250",2016,2014,2017,"Total Grand List","Number",473540987
"Berlin","0900304300",2009,2010,2016,"Net Grand List","Number",2277715548
"Berlin","0900304300",2009,2010,2016,"Top 10 Total Grand List","Number",270222340
"Berlin","0900304300",2009,2010,2016,"Total Grand List","Number",2339805500
"Berlin","0900304300",2009,2010,2017,"Net Grand List","Number",2277715548
"Berlin","0900304300",2009,2010,2017,"Top 10 Total Grand List","Number",270222340
"Berlin","0900304300",2009,2010,2017,"Total Grand List","Number",2339805500
"Bethany","0900904580",2009,2010,2016,"Net Grand List","Number",615225920
"Bethany","0900904580",2009,2010,2016,"Top 10 Total Grand List","Number",46377892
"Bethany","0900904580",2009,2010,2016,"Total Grand List","Number",663896759
"Bethany","0900904580",2015,2010,2017,"Net Grand List","Number",553053288
"Bethany","0900904580",2015,2010,2017,"Top 10 Total Grand List","Number",37033989
"Bethany","0900904580",2015,2010,2017,"Total Grand List","Number",596757147
"Bethel","0900104720",2013,2013,2016,"Net Grand List","Number",1865157340
"Bethel","0900104720",2013,2013,2016,"Top 10 Total Grand List","Number",201283220
"Bethel","0900104720",2013,2013,2016,"Total Grand List","Number",1992601080
"Bethel","0900104720",2016,2017,2017,"Net Grand List","Number",1943534080
"Bethel","0900104720",2016,2017,2017,"Top 10 Total Grand List","Number",217476880
"Bethel","0900104720",2016,2017,2017,"Total Grand List","Number",1970716200
"Bethlehem","0900504930",2012,2013,2016,"Net Grand List","Number",407011169
"Bethlehem","0900504930",2012,2013,2016,"Top 10 Total Grand List","Number",13453364
"Bethlehem","0900504930",2012,2013,2016,"Total Grand List","Number",411307912
"Bethlehem","0900504930",2016,2017,2017,"Net Grand List","Number",374076301
"Bethlehem","0900504930",2016,2017,2017,"Top 10 Total Grand List","Number",15508440
"Bethlehem","0900504930",2016,2017,2017,"Total Grand List","Number",377710814
"Bloomfield","0900305910",2014,2015,2016,"Net Grand List","Number",2034013740
"Bloomfield","0900305910",2014,2015,2016,"Top 10 Total Grand List","Number",405730410
"Bloomfield","0900305910",2014,2015,2016,"Total Grand List","Number",2155160790
"Bloomfield","0900305910",2014,2015,2017,"Net Grand List","Number",2034013740
"Bloomfield","0900305910",2014,2015,2017,"Top 10 Total Grand List","Number",405730410
"Bloomfield","0900305910",2014,2015,2017,"Total Grand List","Number",2155160790
"Bolton","0901306260",2013,2010,2016,"Net Grand List","Number",427447825
"Bolton","0901306260",2013,2010,2016,"Top 10 Total Grand List","Number",12893090
"Bolton","0901306260",2013,2010,2016,"Total Grand List","Number",486569370
"Bolton","0901306260",2015,2017,2017,"Net Grand List","Number",429848968
"Bolton","0901306260",2015,2017,2017,"Top 10 Total Grand List","Number",1332379
"Bolton","0901306260",2015,2017,2017,"Total Grand List","Number",434870028
"Bozrah","0901106820",2009,2010,2016,"Net Grand List","Number",241585389
"Bozrah","0901106820",2009,2010,2016,"Top 10 Total Grand List","Number",24277478
"Bozrah","0901106820",2009,2010,2016,"Total Grand List","Number",251571723
"Bozrah","0901106820",2016,2017,2017,"Net Grand List","Number",222525091
"Bozrah","0901106820",2016,2017,2017,"Top 10 Total Grand List","Number",28087750
"Bozrah","0901106820",2016,2017,2017,"Total Grand List","Number",236236791
"Branford","0900907310",2014,2015,2016,"Net Grand List","Number",348568401
"Branford","0900907310",2014,2015,2016,"Top 10 Total Grand List","Number",174923250
"Branford","0900907310",2014,2015,2016,"Total Grand List","Number",3517174206
"Branford","0900907310",2014,2015,2017,"Net Grand List","Number",348568401
"Branford","0900907310",2014,2015,2017,"Top 10 Total Grand List","Number",174923250
"Branford","0900907310",2014,2015,2017,"Total Grand List","Number",3517174206
"Bridgeport","0900108070",2013,2014,2016,"Net Grand List","Number",6986770884
"Bridgeport","0900108070",2013,2014,2016,"Top 10 Total Grand List","Number",819139636
"Bridgeport","0900108070",2013,2014,2016,"Total Grand List","Number",7111368339
"Bridgeport","0900108070",2013,2014,2017,"Net Grand List","Number",6986770884
"Bridgeport","0900108070",2013,2014,2017,"Top 10 Total Grand List","Number",819139636
"Bridgeport","0900108070",2013,2014,2017,"Total Grand List","Number",7111368339
"Bridgewater","0900508210",2014,2015,2016,"Net Grand List","Number",390959584
"Bridgewater","0900508210",2014,2015,2016,"Top 10 Total Grand List","Number",28060130
"Bridgewater","0900508210",2014,2015,2016,"Total Grand List","Number",434071454
"Bridgewater","0900508210",2016,2017,2017,"Net Grand List","Number",368053801
"Bridgewater","0900508210",2016,2017,2017,"Top 10 Total Grand List","Number",29894340
"Bridgewater","0900508210",2016,2017,2017,"Total Grand List","Number",407303011
"Bristol","0900308490",2014,2015,2016,"Net Grand List","Number",3824272002
"Bristol","0900308490",2014,2015,2016,"Top 10 Total Grand List","Number",428106932
"Bristol","0900308490",2014,2015,2016,"Total Grand List","Number",4136272964
"Bristol","0900308490",2016,2017,2017,"Net Grand List","Number",3911459729
"Bristol","0900308490",2016,2017,2017,"Top 10 Total Grand List","Number",471843661
"Bristol","0900308490",2016,2017,2017,"Total Grand List","Number",4204366433
"Brookfield","0900108980",2014,2015,2016,"Net Grand List","Number",2240190086
"Brookfield","0900108980",2014,2015,2016,"Top 10 Total Grand List","Number",155037970
"Brookfield","0900108980",2014,2015,2016,"Total Grand List","Number",2202971242
"Brookfield","0900108980",2016,2017,2017,"Net Grand List","Number",2234572679
"Brookfield","0900108980",2016,2017,2017,"Top 10 Total Grand List","Number",160821880
"Brookfield","0900108980",2016,2017,2017,"Total Grand List","Number",2378732639
"Brooklyn","0901509190",2013,2014,2016,"Net Grand List","Number",549699585
"Brooklyn","0901509190",2013,2014,2016,"Top 10 Total Grand List","Number",42016185
"Brooklyn","0901509190",2013,2014,2016,"Total Grand List","Number",554097054
"Brooklyn","0901509190",2016,2017,2017,"Net Grand List","Number",549080945
"Brooklyn","0901509190",2016,2017,2017,"Top 10 Total Grand List","Number",66485560
"Brooklyn","0901509190",2016,2017,2017,"Total Grand List","Number",554580323
"Burlington","0900310100",2013,2014,2016,"Net Grand List","Number",885507753
"Burlington","0900310100",2013,2014,2016,"Top 10 Total Grand List","Number",43670320
"Burlington","0900310100",2013,2014,2016,"Total Grand List","Number",933922723
"Burlington","0900310100",2016,2017,2017,"Net Grand List","Number",916684555
"Burlington","0900310100",2016,2017,2017,"Top 10 Total Grand List","Number",43543051
"Burlington","0900310100",2016,2017,2017,"Total Grand List","Number",918957275
"Canaan","0900510940",2014,2015,2016,"Net Grand List","Number",172375780
"Canaan","0900510940",2014,2015,2016,"Top 10 Total Grand List","Number",29074270
"Canaan","0900510940",2014,2015,2016,"Total Grand List","Number",174563000
"Canaan","0900510940",2016,2017,2017,"Net Grand List","Number",170797000
"Canaan","0900510940",2016,2017,2017,"Top 10 Total Grand List","Number",28518080
"Canaan","0900510940",2016,2017,2017,"Total Grand List","Number",-666666
"Canterbury","0901512130",2014,2015,2016,"Net Grand List","Number",392665406
"Canterbury","0901512130",2014,2015,2016,"Top 10 Total Grand List","Number",17729833
"Canterbury","0901512130",2014,2015,2016,"Total Grand List","Number",398417446
"Canterbury","0901512130",2016,2017,2017,"Net Grand List","Number",359148542
"Canterbury","0901512130",2016,2017,2017,"Top 10 Total Grand List","Number",37211562
"Canterbury","0901512130",2016,2017,2017,"Total Grand List","Number",364859132
"Canton","0900312270",2009,2010,2016,"Net Grand List","Number",1113674883
"Canton","0900312270",2009,2010,2016,"Top 10 Total Grand List","Number",82881230
"Canton","0900312270",2009,2010,2016,"Total Grand List","Number",1115562103
"Canton","0900312270",2014,2017,2017,"Net Grand List","Number",1100809523
"Canton","0900312270",2014,2017,2017,"Top 10 Total Grand List","Number",84167940
"Canton","0900312270",2014,2017,2017,"Total Grand List","Number",1103048233
"Chaplin","0901513810",2014,2015,2016,"Net Grand List","Number",157475810
"Chaplin","0901513810",2014,2015,2016,"Top 10 Total Grand List","Number",20339690
"Chaplin","0901513810",2014,2015,2016,"Total Grand List","Number",158357330
"Chaplin","0901513810",2016,2017,2017,"Net Grand List","Number",188671260
"Chaplin","0901513810",2016,2017,2017,"Top 10 Total Grand List","Number",51425480
"Chaplin","0901513810",2016,2017,2017,"Total Grand List","Number",189754940
"Cheshire","0900914160",2014,2015,2016,"Net Grand List","Number",2726793817
"Cheshire","0900914160",2014,2015,2016,"Top 10 Total Grand List","Number",538200455
"Cheshire","0900914160",2014,2015,2016,"Total Grand List","Number",2806848317
"Cheshire","0900914160",2016,2017,2017,"Net Grand List","Number",2763740629
"Cheshire","0900914160",2016,2017,2017,"Top 10 Total Grand List","Number",200076745
"Cheshire","0900914160",2016,2017,2017,"Total Grand List","Number",2836632816
"Chester","0900714300",2012,2013,2016,"Net Grand List","Number",502028248
"Chester","0900714300",2012,2013,2016,"Top 10 Total Grand List","Number",53981460
"Chester","0900714300",2012,2013,2016,"Total Grand List","Number",510791908
"Chester","0900714300",2016,2013,2017,"Net Grand List","Number",440262080
"Chester","0900714300",2016,2013,2017,"Top 10 Total Grand List","Number",43194070
"Chester","0900714300",2016,2013,2017,"Total Grand List","Number",453512896
"Clinton","0900715350",2013,2014,2016,"Net Grand List","Number",1506767491
"Clinton","0900715350",2013,2014,2016,"Top 10 Total Grand List","Number",104042988
"Clinton","0900715350",2013,2014,2016,"Total Grand List","Number",1515908291
"Clinton","0900715350",2013,2014,2017,"Net Grand List","Number",1506767491
"Clinton","0900715350",2013,2014,2017,"Top 10 Total Grand List","Number",104042988
"Clinton","0900715350",2013,2014,2017,"Total Grand List","Number",1515908291
"Colchester","0901115910",2009,2010,2016,"Net Grand List","Number",1275361503
"Colchester","0901115910",2009,2010,2016,"Top 10 Total Grand List","Number",55351730
"Colchester","0901115910",2009,2010,2016,"Total Grand List","Number",1283291579
"Colchester","0901115910",2009,2010,2017,"Net Grand List","Number",1275361503
"Colchester","0901115910",2009,2010,2017,"Top 10 Total Grand List","Number",55351730
"Colchester","0901115910",2009,2010,2017,"Total Grand List","Number",1283291579
"Colebrook","0900516050",2014,2015,2016,"Net Grand List","Number",184230233
"Colebrook","0900516050",2014,2015,2016,"Top 10 Total Grand List","Number",26641800
"Colebrook","0900516050",2014,2015,2016,"Total Grand List","Number",185483453
"Colebrook","0900516050",2016,2017,2017,"Net Grand List","Number",183081827
"Colebrook","0900516050",2016,2017,2017,"Top 10 Total Grand List","Number",38363965
"Colebrook","0900516050",2016,2017,2017,"Total Grand List","Number",184373687
"Columbia","0901316400",2014,2015,2016,"Net Grand List","Number",471671182
"Columbia","0901316400",2014,2015,2016,"Top 10 Total Grand List","Number",21624665
"Columbia","0901316400",2014,2015,2016,"Total Grand List","Number",475686812
"Columbia","0901316400",2016,2017,2017,"Net Grand List","Number",484327079
"Columbia","0901316400",2016,2017,2017,"Top 10 Total Grand List","Number",0
"Columbia","0901316400",2016,2017,2017,"Total Grand List","Number",490298778
"Cornwall","0900517240",2014,2015,2016,"Net Grand List","Number",403063800
"Cornwall","0900517240",2014,2015,2016,"Top 10 Total Grand List","Number",46239490
"Cornwall","0900517240",2014,2015,2016,"Total Grand List","Number",403968470
"Cornwall","0900517240",2016,2017,2017,"Net Grand List","Number",390283120
"Cornwall","0900517240",2016,2017,2017,"Top 10 Total Grand List","Number",44996200
"Cornwall","0900517240",2016,2017,2017,"Total Grand List","Number",391299230
"Coventry","0901317800",2011,2012,2016,"Net Grand List","Number",983526745
"Coventry","0901317800",2011,2012,2016,"Top 10 Total Grand List","Number",27690620
"Coventry","0901317800",2011,2012,2016,"Total Grand List","Number",989203685
"Coventry","0901317800",2016,2017,2017,"Net Grand List","Number",951967368
"Coventry","0901317800",2016,2017,2017,"Top 10 Total Grand List","Number",35896920
"Coventry","0901317800",2016,2017,2017,"Total Grand List","Number",960348164
"Cromwell","0900718080",2014,2015,2016,"Net Grand List","Number",1289926800
"Cromwell","0900718080",2014,2015,2016,"Top 10 Total Grand List","Number",302482760
"Cromwell","0900718080",2014,2015,2016,"Total Grand List","Number",1390762380
"Cromwell","0900718080",2014,2017,2017,"Net Grand List","Number",1290318935
"Cromwell","0900718080",2014,2017,2017,"Top 10 Total Grand List","Number",101819670
"Cromwell","0900718080",2014,2017,2017,"Total Grand List","Number",1303866750
"Danbury","0900118500",2009,2010,2016,"Net Grand List","Number",7860745248
"Danbury","0900118500",2009,2010,2016,"Top 10 Total Grand List","Number",635122220
"Danbury","0900118500",2009,2010,2016,"Total Grand List","Number",10208915949
"Danbury","0900118500",2009,2010,2017,"Net Grand List","Number",7860745248
"Danbury","0900118500",2009,2010,2017,"Top 10 Total Grand List","Number",635122220
"Danbury","0900118500",2009,2010,2017,"Total Grand List","Number",10208915949
"Darien","0900118850",2013,2015,2016,"Net Grand List","Number",8285454606
"Darien","0900118850",2013,2015,2016,"Top 10 Total Grand List","Number",321525196
"Darien","0900118850",2013,2015,2016,"Total Grand List","Number",8286612726
"Darien","0900118850",2016,2017,2017,"Net Grand List","Number",8521512679
"Darien","0900118850",2016,2017,2017,"Top 10 Total Grand List","Number",282591461
"Darien","0900118850",2016,2017,2017,"Total Grand List","Number",8523910556
"Deep River","0900719130",2014,2015,2016,"Net Grand List","Number",499552409
"Deep River","0900719130",2014,2015,2016,"Top 10 Total Grand List","Number",50620261
"Deep River","0900719130",2014,2015,2016,"Total Grand List","Number",510961673
"Deep River","0900719130",2016,2015,2017,"Net Grand List","Number",499045586
"Deep River","0900719130",2016,2015,2017,"Top 10 Total Grand List","Number",32789997
"Deep River","0900719130",2016,2015,2017,"Total Grand List","Number",631164334
"Derby","0900919550",2014,2015,2016,"Net Grand List","Number",748833439
"Derby","0900919550",2014,2015,2016,"Top 10 Total Grand List","Number",70229552
"Derby","0900919550",2014,2015,2016,"Total Grand List","Number",755924900
"Derby","0900919550",2015,2017,2017,"Net Grand List","Number",721747773
"Derby","0900919550",2015,2017,2017,"Top 10 Total Grand List","Number",71650695
"Derby","0900919550",2015,2017,2017,"Total Grand List","Number",727101168
"Durham","0900720810",2009,2010,2016,"Net Grand List","Number",780772117
"Durham","0900720810",2009,2010,2016,"Top 10 Total Grand List","Number",44400170
"Durham","0900720810",2009,2010,2016,"Total Grand List","Number",795226321
"Durham","0900720810",2009,2010,2017,"Net Grand List","Number",780772117
"Durham","0900720810",2009,2010,2017,"Top 10 Total Grand List","Number",44400170
"Durham","0900720810",2009,2010,2017,"Total Grand List","Number",795226321
"Eastford","0901521860",2013,2014,2016,"Net Grand List","Number",141272662
"Eastford","0901521860",2013,2014,2016,"Top 10 Total Grand List","Number",8860310
"Eastford","0901521860",2013,2014,2016,"Total Grand List","Number",162733362
"Eastford","0901521860",2013,2014,2017,"Net Grand List","Number",141272662
"Eastford","0901521860",2013,2014,2017,"Top 10 Total Grand List","Number",8860310
"Eastford","0901521860",2013,2014,2017,"Total Grand List","Number",162733362
"East Granby","0900322070",2014,2015,2016,"Net Grand List","Number",581485097
"East Granby","0900322070",2014,2015,2016,"Top 10 Total Grand List","Number",107672322
"East Granby","0900322070",2014,2015,2016,"Total Grand List","Number",627500234
"East Granby","0900322070",2016,2017,2017,"Net Grand List","Number",581515512
"East Granby","0900322070",2016,2017,2017,"Top 10 Total Grand List","Number",111135911
"East Granby","0900322070",2016,2017,2017,"Total Grand List","Number",632765214
"East Haddam","0900722280",2014,2015,2016,"Net Grand List","Number",852756014
"East Haddam","0900722280",2014,2015,2016,"Top 10 Total Grand List","Number",49611230
"East Haddam","0900722280",2014,2015,2016,"Total Grand List","Number",922459425
"East Haddam","0900722280",2016,2017,2017,"Net Grand List","Number",857551748
"East Haddam","0900722280",2016,2017,2017,"Top 10 Total Grand List","Number",35428650
"East Haddam","0900722280",2016,2017,2017,"Total Grand List","Number",867709046
"East Hampton","0900722490",2013,2014,2016,"Net Grand List","Number",1136056629
"East Hampton","0900722490",2013,2014,2016,"Top 10 Total Grand List","Number",41097587
"East Hampton","0900722490",2013,2014,2016,"Total Grand List","Number",1142151314
"East Hampton","0900722490",2016,2017,2017,"Net Grand List","Number",1143142817
"East Hampton","0900722490",2016,2017,2017,"Top 10 Total Grand List","Number",40975082
"East Hampton","0900722490",2016,2017,2017,"Total Grand List","Number",1149028970
"East Hartford","0900322630",2014,2015,2016,"Net Grand List","Number",2693033920
"East Hartford","0900322630",2014,2015,2016,"Top 10 Total Grand List","Number",702607871
"East Hartford","0900322630",2014,2015,2016,"Total Grand List","Number",2997298726
"East Hartford","0900322630",2014,2015,2017,"Net Grand List","Number",2693033920
"East Hartford","0900322630",2014,2015,2017,"Top 10 Total Grand List","Number",702607871
"East Hartford","0900322630",2014,2015,2017,"Total Grand List","Number",2997298726
"East Haven","0900922910",2014,2015,2016,"Net Grand List","Number",1995307654
"East Haven","0900922910",2014,2015,2016,"Top 10 Total Grand List","Number",129590140
"East Haven","0900922910",2014,2015,2016,"Total Grand List","Number",2017860905
"East Haven","0900922910",2016,2017,2017,"Net Grand List","Number",1961193636
"East Haven","0900922910",2016,2017,2017,"Top 10 Total Grand List","Number",146699730
"East Haven","0900922910",2016,2017,2017,"Total Grand List","Number",1962907473
"East Lyme","0901123400",2014,2015,2016,"Net Grand List","Number",2086779308
"East Lyme","0901123400",2014,2015,2016,"Top 10 Total Grand List","Number",71601230
"East Lyme","0901123400",2014,2015,2016,"Total Grand List","Number",2100447088
"East Lyme","0901123400",2016,2015,2017,"Net Grand List","Number",2149961115
"East Lyme","0901123400",2016,2015,2017,"Top 10 Total Grand List","Number",228925384
"East Lyme","0901123400",2016,2015,2017,"Total Grand List","Number",2162590555
"Easton","0900123890",2009,2010,2016,"Net Grand List","Number",1585344340
"Easton","0900123890",2009,2010,2016,"Top 10 Total Grand List","Number",63863280
"Easton","0900123890",2009,2010,2016,"Total Grand List","Number",1680585670
"Easton","0900123890",2016,2017,2017,"Net Grand List","Number",1280632128
"Easton","0900123890",2016,2017,2017,"Top 10 Total Grand List","Number",59106933
"Easton","0900123890",2016,2017,2017,"Total Grand List","Number",1368308688
"East Windsor","0900324800",2014,2015,2016,"Net Grand List","Number",951995751
"East Windsor","0900324800",2014,2015,2016,"Top 10 Total Grand List","Number",135984840
"East Windsor","0900324800",2014,2015,2016,"Total Grand List","Number",1066551451
"East Windsor","0900324800",2016,2017,2017,"Net Grand List","Number",962146920
"East Windsor","0900324800",2016,2017,2017,"Top 10 Total Grand List","Number",143530870
"East Windsor","0900324800",2016,2017,2017,"Total Grand List","Number",996080360
"Ellington","0901325360",2013,2014,2016,"Net Grand List","Number",1292151599
"Ellington","0901325360",2013,2014,2016,"Top 10 Total Grand List","Number",99174440
"Ellington","0901325360",2013,2014,2016,"Total Grand List","Number",1315960403
"Ellington","0901325360",2014,2017,2017,"Net Grand List","Number",1311524289
"Ellington","0901325360",2014,2017,2017,"Top 10 Total Grand List","Number",287010494
"Ellington","0901325360",2014,2017,2017,"Total Grand List","Number",1334478933
"Enfield","0900325990",2014,2015,2016,"Net Grand List","Number",2882768974
"Enfield","0900325990",2014,2015,2016,"Top 10 Total Grand List","Number",279957232
"Enfield","0900325990",2014,2015,2016,"Total Grand List","Number",2924870811
"Enfield","0900325990",2014,2015,2017,"Net Grand List","Number",2882768974
"Enfield","0900325990",2014,2015,2017,"Top 10 Total Grand List","Number",279957232
"Enfield","0900325990",2014,2015,2017,"Total Grand List","Number",2924870811
"Essex","0900726270",2014,2015,2016,"Net Grand List","Number",1033200611
"Essex","0900726270",2014,2015,2016,"Top 10 Total Grand List","Number",60505020
"Essex","0900726270",2014,2015,2016,"Total Grand List","Number",1048056444
"Essex","0900726270",2014,2015,2017,"Net Grand List","Number",1033200611
"Essex","0900726270",2014,2015,2017,"Top 10 Total Grand List","Number",60505020
"Essex","0900726270",2014,2015,2017,"Total Grand List","Number",1048056444
"Fairfield","0900126620",2014,2015,2016,"Net Grand List","Number",10975624915
"Fairfield","0900126620",2014,2015,2016,"Top 10 Total Grand List","Number",452802043
"Fairfield","0900126620",2014,2015,2016,"Total Grand List","Number",11021545153
"Fairfield","0900126620",2014,2015,2017,"Net Grand List","Number",10975624915
"Fairfield","0900126620",2014,2015,2017,"Top 10 Total Grand List","Number",452802043
"Fairfield","0900126620",2014,2015,2017,"Total Grand List","Number",11021545153
"Farmington","0900327600",2014,2015,2016,"Net Grand List","Number",3533281325
"Farmington","0900327600",2014,2015,2016,"Top 10 Total Grand List","Number",416464004
"Farmington","0900327600",2014,2015,2016,"Total Grand List","Number",3594688850
"Farmington","0900327600",2016,2017,2017,"Net Grand List","Number",3595959571
"Farmington","0900327600",2016,2017,2017,"Top 10 Total Grand List","Number",426896640
"Farmington","0900327600",2016,2017,2017,"Total Grand List","Number",3664627838
"Franklin","0901129910",2014,2015,2016,"Net Grand List","Number",191400520
"Franklin","0901129910",2014,2015,2016,"Top 10 Total Grand List","Number",22621740
"Franklin","0901129910",2014,2015,2016,"Total Grand List","Number",194119860
"Franklin","0901129910",2016,2017,2017,"Net Grand List","Number",204185571
"Franklin","0901129910",2016,2017,2017,"Top 10 Total Grand List","Number",32663850
"Franklin","0901129910",2016,2017,2017,"Total Grand List","Number",206929181
"Glastonbury","0900331240",2014,2015,2016,"Net Grand List","Number",3871305346
"Glastonbury","0900331240",2014,2015,2016,"Top 10 Total Grand List","Number",166955500
"Glastonbury","0900331240",2014,2015,2016,"Total Grand List","Number",4146389655
"Glastonbury","0900331240",2014,2015,2017,"Net Grand List","Number",3871305346
"Glastonbury","0900331240",2014,2015,2017,"Top 10 Total Grand List","Number",166955500
"Glastonbury","0900331240",2014,2015,2017,"Total Grand List","Number",4146389655
"Goshen","0900532290",2014,2015,2016,"Net Grand List","Number",523351320
"Goshen","0900532290",2014,2015,2016,"Top 10 Total Grand List","Number",23810940
"Goshen","0900532290",2014,2015,2016,"Total Grand List","Number",554213720
"Goshen","0900532290",2016,2017,2017,"Net Grand List","Number",528542130
"Goshen","0900532290",2016,2017,2017,"Top 10 Total Grand List","Number",24081150
"Goshen","0900532290",2016,2017,2017,"Total Grand List","Number",559933500
"Granby","0900332640",2012,2014,2016,"Net Grand List","Number",960153300
"Granby","0900332640",2012,2014,2016,"Top 10 Total Grand List","Number",32766890
"Granby","0900332640",2012,2014,2016,"Total Grand List","Number",964290200
"Granby","0900332640",2012,2014,2017,"Net Grand List","Number",960153300
"Granby","0900332640",2012,2014,2017,"Top 10 Total Grand List","Number",32766890
"Granby","0900332640",2012,2014,2017,"Total Grand List","Number",964290200
"Greenwich","0900133620",2014,2015,2016,"Net Grand List","Number",31086586390
"Greenwich","0900133620",2014,2015,2016,"Top 10 Total Grand List","Number",1033266290
"Greenwich","0900133620",2014,2015,2016,"Total Grand List","Number",31127490950
"Greenwich","0900133620",2014,2015,2017,"Net Grand List","Number",31086586390
"Greenwich","0900133620",2014,2015,2017,"Top 10 Total Grand List","Number",1033266290
"Greenwich","0900133620",2014,2015,2017,"Total Grand List","Number",31127490950
"Griswold","0901133900",2014,2015,2016,"Net Grand List","Number",704317811
"Griswold","0901133900",2014,2015,2016,"Top 10 Total Grand List","Number",0
"Griswold","0901133900",2014,2015,2016,"Total Grand List","Number",712031571
"Griswold","0901133900",2014,2015,2017,"Net Grand List","Number",704317811
"Griswold","0901133900",2014,2015,2017,"Top 10 Total Grand List","Number",0
"Griswold","0901133900",2014,2015,2017,"Total Grand List","Number",712031571
"Groton","0901134250",2014,2015,2016,"Net Grand List","Number",3820151399
"Groton","0901134250",2014,2015,2016,"Top 10 Total Grand List","Number",788275995
"Groton","0901134250",2014,2015,2016,"Total Grand List","Number",4026986893
"Groton","0901134250",2014,2017,2017,"Net Grand List","Number",3820151399
"Groton","0901134250",2014,2017,2017,"Top 10 Total Grand List","Number",788275995
"Groton","0901134250",2014,2017,2017,"Total Grand List","Number",5023118993
"Guilford","0900934950",2012,2013,2016,"Net Grand List","Number",3494942749
"Guilford","0900934950",2012,2013,2016,"Top 10 Total Grand List","Number",96164696
"Guilford","0900934950",2012,2013,2016,"Total Grand List","Number",3516977919
"Guilford","0900934950",2015,2017,2017,"Net Grand List","Number",3074936075
"Guilford","0900934950",2015,2017,2017,"Top 10 Total Grand List","Number",103715855
"Guilford","0900934950",2015,2017,2017,"Total Grand List","Number",3097760155
"Haddam","0900735230",2012,2013,2016,"Net Grand List","Number",901419307
"Haddam","0900735230",2012,2013,2016,"Top 10 Total Grand List","Number",86532680
"Haddam","0900735230",2012,2013,2016,"Total Grand List","Number",904391025
"Haddam","0900735230",2012,2013,2017,"Net Grand List","Number",901419307
"Haddam","0900735230",2012,2013,2017,"Top 10 Total Grand List","Number",86532680
"Haddam","0900735230",2012,2013,2017,"Total Grand List","Number",904391025
"Hamden","0900935650",2014,2015,2016,"Net Grand List","Number",4075493965
"Hamden","0900935650",2014,2015,2016,"Top 10 Total Grand List","Number",261938020
"Hamden","0900935650",2014,2015,2016,"Total Grand List","Number",4850492588
"Hamden","0900935650",2014,2015,2017,"Net Grand List","Number",4075493965
"Hamden","0900935650",2014,2015,2017,"Top 10 Total Grand List","Number",261938020
"Hamden","0900935650",2014,2015,2017,"Total Grand List","Number",4850492588
"Hampton","0901536000",2014,2015,2016,"Net Grand List","Number",125064590
"Hampton","0901536000",2014,2015,2016,"Top 10 Total Grand List","Number",8081370
"Hampton","0901536000",2014,2015,2016,"Total Grand List","Number",127728058
"Hampton","0901536000",2016,2017,2017,"Net Grand List","Number",140063946
"Hampton","0901536000",2016,2017,2017,"Top 10 Total Grand List","Number",22772030
"Hampton","0901536000",2016,2017,2017,"Total Grand List","Number",143328541
"Hartford","0900337070",2013,2014,2016,"Net Grand List","Number",3535402755
"Hartford","0900337070",2013,2014,2016,"Top 10 Total Grand List","Number",733624930
"Hartford","0900337070",2013,2014,2016,"Total Grand List","Number",3621429969
"Hartford","0900337070",2013,2014,2017,"Net Grand List","Number",3535402755
"Hartford","0900337070",2013,2014,2017,"Top 10 Total Grand List","Number",733624930
"Hartford","0900337070",2013,2014,2017,"Total Grand List","Number",3621429969
"Hartland","0900337140",2014,2015,2016,"Net Grand List","Number",196621970
"Hartland","0900337140",2014,2015,2016,"Top 10 Total Grand List","Number",26134919
"Hartland","0900337140",2014,2015,2016,"Total Grand List","Number",197143250
"Hartland","0900337140",2014,2015,2017,"Net Grand List","Number",196621970
"Hartland","0900337140",2014,2015,2017,"Top 10 Total Grand List","Number",26134919
"Hartland","0900337140",2014,2015,2017,"Total Grand List","Number",197143250
"Harwinton","0900537280",2016,2010,2016,"Net Grand List","Number",556873275
"Harwinton","0900537280",2016,2010,2016,"Top 10 Total Grand List","Number",40667595
"Harwinton","0900537280",2016,2010,2016,"Total Grand List","Number",562107618
"Harwinton","0900537280",2016,2017,2017,"Net Grand List","Number",556281571
"Harwinton","0900537280",2016,2017,2017,"Top 10 Total Grand List","Number",44436410
"Harwinton","0900537280",2016,2017,2017,"Total Grand List","Number",-666666
"Hebron","0901337910",2014,2015,2016,"Net Grand List","Number",782001450
"Hebron","0901337910",2014,2015,2016,"Top 10 Total Grand List","Number",19938470
"Hebron","0901337910",2014,2015,2016,"Total Grand List","Number",849256660
"Hebron","0901337910",2016,2017,2017,"Net Grand List","Number",755158200
"Hebron","0901337910",2016,2017,2017,"Top 10 Total Grand List","Number",22177170
"Hebron","0901337910",2016,2017,2017,"Total Grand List","Number",760176060
"Kent","0900540290",2014,2015,2016,"Net Grand List","Number",665620489
"Kent","0900540290",2014,2015,2016,"Top 10 Total Grand List","Number",43035030
"Kent","0900540290",2014,2015,2016,"Total Grand List","Number",799349189
"Kent","0900540290",2016,2017,2017,"Net Grand List","Number",600802817
"Kent","0900540290",2016,2017,2017,"Top 10 Total Grand List","Number",44181650
"Kent","0900540290",2016,2017,2017,"Total Grand List","Number",729440391
"Killingly","0901540500",2014,2015,2016,"Net Grand List","Number",1216303959
"Killingly","0901540500",2014,2015,2016,"Top 10 Total Grand List","Number",264335538
"Killingly","0901540500",2014,2015,2016,"Total Grand List","Number",1527677336
"Killingly","0901540500",2014,2015,2017,"Net Grand List","Number",1216303959
"Killingly","0901540500",2014,2015,2017,"Top 10 Total Grand List","Number",264335538
"Killingly","0901540500",2014,2015,2017,"Total Grand List","Number",1527677336
"Killingworth","0900740710",2014,2015,2016,"Net Grand List","Number",722716487
"Killingworth","0900740710",2014,2015,2016,"Top 10 Total Grand List","Number",0
"Killingworth","0900740710",2014,2015,2016,"Total Grand List","Number",724655760
"Killingworth","0900740710",2014,2017,2017,"Net Grand List","Number",691256002
"Killingworth","0900740710",2014,2017,2017,"Top 10 Total Grand List","Number",26021650
"Killingworth","0900740710",2014,2017,2017,"Total Grand List","Number",743735692
"Lebanon","0901142390",2014,2015,2016,"Net Grand List","Number",607415900
"Lebanon","0901142390",2014,2015,2016,"Top 10 Total Grand List","Number",61513730
"Lebanon","0901142390",2014,2015,2016,"Total Grand List","Number",616690088
"Lebanon","0901142390",2016,2017,2017,"Net Grand List","Number",625039701
"Lebanon","0901142390",2016,2017,2017,"Top 10 Total Grand List","Number",74853730
"Lebanon","0901142390",2016,2017,2017,"Total Grand List","Number",626939701
"Ledyard","0901142600",2014,2015,2016,"Net Grand List","Number",1127207978
"Ledyard","0901142600",2014,2015,2016,"Top 10 Total Grand List","Number",81595884
"Ledyard","0901142600",2014,2015,2016,"Total Grand List","Number",1158590893
"Ledyard","0901142600",2016,2017,2017,"Net Grand List","Number",1099748200
"Ledyard","0901142600",2016,2017,2017,"Top 10 Total Grand List","Number",85110296
"Ledyard","0901142600",2016,2017,2017,"Total Grand List","Number",1119983362
"Lisbon","0901143230",2009,2010,2016,"Net Grand List","Number",-666666
"Lisbon","0901143230",2009,2010,2016,"Top 10 Total Grand List","Number",73616990
"Lisbon","0901143230",2009,2010,2016,"Total Grand List","Number",-666666
"Lisbon","0901143230",2016,2017,2017,"Net Grand List","Number",371857888
"Lisbon","0901143230",2016,2017,2017,"Top 10 Total Grand List","Number",68702680
"Lisbon","0901143230",2016,2017,2017,"Total Grand List","Number",387984509
"Litchfield","0900543370",2013,2014,2016,"Net Grand List","Number",1030897219
"Litchfield","0900543370",2013,2014,2016,"Top 10 Total Grand List","Number",82957056
"Litchfield","0900543370",2013,2014,2016,"Total Grand List","Number",1034480809
"Litchfield","0900543370",2015,2017,2017,"Net Grand List","Number",1033225640
"Litchfield","0900543370",2015,2017,2017,"Top 10 Total Grand List","Number",90687124
"Litchfield","0900543370",2015,2017,2017,"Total Grand List","Number",1036999800
"Lyme","0901144210",2013,2014,2016,"Net Grand List","Number",513668184
"Lyme","0901144210",2013,2014,2016,"Top 10 Total Grand List","Number",27204881
"Lyme","0901144210",2013,2014,2016,"Total Grand List","Number",514932250
"Lyme","0901144210",2016,2017,2017,"Net Grand List","Number",522563142
"Lyme","0901144210",2016,2017,2017,"Top 10 Total Grand List","Number",28332175
"Lyme","0901144210",2016,2017,2017,"Total Grand List","Number",523790941
"Madison","0900944560",2014,2015,2016,"Net Grand List","Number",2858542117
"Madison","0900944560",2014,2015,2016,"Top 10 Total Grand List","Number",77027425
"Madison","0900944560",2014,2015,2016,"Total Grand List","Number",3145665777
"Madison","0900944560",2014,2015,2017,"Net Grand List","Number",2858542117
"Madison","0900944560",2014,2015,2017,"Top 10 Total Grand List","Number",77027425
"Madison","0900944560",2014,2015,2017,"Total Grand List","Number",3145665777
"Manchester","0900344700",2014,2015,2016,"Net Grand List","Number",3922977420
"Manchester","0900344700",2014,2015,2016,"Top 10 Total Grand List","Number",492931660
"Manchester","0900344700",2014,2015,2016,"Total Grand List","Number",4503210360
"Manchester","0900344700",2016,2017,2017,"Net Grand List","Number",3985572184
"Manchester","0900344700",2016,2017,2017,"Top 10 Total Grand List","Number",553665831
"Manchester","0900344700",2016,2017,2017,"Total Grand List","Number",4516139037
"Mansfield","0901344910",2014,2015,2016,"Net Grand List","Number",1026856306
"Mansfield","0901344910",2014,2015,2016,"Top 10 Total Grand List","Number",147660520
"Mansfield","0901344910",2014,2015,2016,"Total Grand List","Number",1466937580
"Mansfield","0901344910",2016,2017,2017,"Net Grand List","Number",1072179179
"Mansfield","0901344910",2016,2017,2017,"Top 10 Total Grand List","Number",187130370
"Mansfield","0901344910",2016,2017,2017,"Total Grand List","Number",1080047527
"Marlborough","0900345820",2013,2014,2016,"Net Grand List","Number",572265450
"Marlborough","0900345820",2013,2014,2016,"Top 10 Total Grand List","Number",21020655
"Marlborough","0900345820",2013,2014,2016,"Total Grand List","Number",-666666
"Marlborough","0900345820",2015,2014,2017,"Net Grand List","Number",576606550
"Marlborough","0900345820",2015,2014,2017,"Top 10 Total Grand List","Number",21020655
"Marlborough","0900345820",2015,2014,2017,"Total Grand List","Number",-666666
"Meriden","0900946520",2014,2015,2016,"Net Grand List","Number",3218470206
"Meriden","0900946520",2014,2015,2016,"Top 10 Total Grand List","Number",276146658
"Meriden","0900946520",2014,2015,2016,"Total Grand List","Number",3448985028
"Meriden","0900946520",2016,2015,2017,"Net Grand List","Number",32166495723
"Meriden","0900946520",2016,2015,2017,"Top 10 Total Grand List","Number",276246308
"Meriden","0900946520",2016,2015,2017,"Total Grand List","Number",3287379573
"Middlebury","0900946940",2013,2014,2016,"Net Grand List","Number",928483314
"Middlebury","0900946940",2013,2014,2016,"Top 10 Total Grand List","Number",70285098
"Middlebury","0900946940",2013,2014,2016,"Total Grand List","Number",933500324
"Middlebury","0900946940",2016,2017,2017,"Net Grand List","Number",941970037
"Middlebury","0900946940",2016,2017,2017,"Top 10 Total Grand List","Number",75332041
"Middlebury","0900946940",2016,2017,2017,"Total Grand List","Number",947316992
"Middlefield","0900747080",2013,2014,2016,"Net Grand List","Number",405401780
"Middlefield","0900747080",2013,2014,2016,"Top 10 Total Grand List","Number",44930080
"Middlefield","0900747080",2013,2014,2016,"Total Grand List","Number",421602630
"Middlefield","0900747080",2016,2017,2017,"Net Grand List","Number",401247930
"Middlefield","0900747080",2016,2017,2017,"Top 10 Total Grand List","Number",33729510
"Middlefield","0900747080",2016,2017,2017,"Total Grand List","Number",416600880
"Middletown","0900747360",2013,2014,2016,"Net Grand List","Number",3314641715
"Middletown","0900747360",2013,2014,2016,"Top 10 Total Grand List","Number",471261945
"Middletown","0900747360",2013,2014,2016,"Total Grand List","Number",3491254537
"Middletown","0900747360",2015,2017,2017,"Net Grand List","Number",3329284583
"Middletown","0900747360",2015,2017,2017,"Top 10 Total Grand List","Number",520588089
"Middletown","0900747360",2015,2017,2017,"Total Grand List","Number",3534691490
"Milford","0900947535",2014,2015,2016,"Net Grand List","Number",6388015939
"Milford","0900947535",2014,2015,2016,"Top 10 Total Grand List","Number",513489894
"Milford","0900947535",2014,2015,2016,"Total Grand List","Number",6554994017
"Milford","0900947535",2014,2017,2017,"Net Grand List","Number",6388015939
"Milford","0900947535",2014,2017,2017,"Top 10 Total Grand List","Number",513489894
"Milford","0900947535",2014,2017,2017,"Total Grand List","Number",6554994017
"Monroe","0900148620",2012,2013,2016,"Net Grand List","Number",2310276150
"Monroe","0900148620",2012,2013,2016,"Top 10 Total Grand List","Number",136986213
"Monroe","0900148620",2012,2013,2016,"Total Grand List","Number",2327195097
"Monroe","0900148620",2012,2013,2017,"Net Grand List","Number",2310276150
"Monroe","0900148620",2012,2013,2017,"Top 10 Total Grand List","Number",136986213
"Monroe","0900148620",2012,2013,2017,"Total Grand List","Number",2327195097
"Montville","0901148900",2014,2015,2016,"Net Grand List","Number",1255702744
"Montville","0901148900",2014,2015,2016,"Top 10 Total Grand List","Number",116729162
"Montville","0901148900",2014,2015,2016,"Total Grand List","Number",1305824499
"Montville","0901148900",2016,2017,2017,"Net Grand List","Number",1253875752
"Montville","0901148900",2016,2017,2017,"Top 10 Total Grand List","Number",138308759
"Montville","0901148900",2016,2017,2017,"Total Grand List","Number",1300277525
"Morris","0900549460",2013,2013,2016,"Net Grand List","Number",-666666
"Morris","0900549460",2013,2013,2016,"Top 10 Total Grand List","Number",-666666
"Morris","0900549460",2013,2013,2016,"Total Grand List","Number",-666666
"Morris","0900549460",2015,2017,2017,"Net Grand List","Number",299635985
"Morris","0900549460",2015,2017,2017,"Top 10 Total Grand List","Number",40705200
"Morris","0900549460",2015,2017,2017,"Total Grand List","Number",300831865
"Naugatuck","0900949950",2009,2009,2016,"Net Grand List","Number",-666666
"Naugatuck","0900949950",2009,2009,2016,"Top 10 Total Grand List","Number",93651221
"Naugatuck","0900949950",2009,2009,2016,"Total Grand List","Number",-666666
"Naugatuck","0900949950",2016,2017,2017,"Net Grand List","Number",1606106106
"Naugatuck","0900949950",2016,2017,2017,"Top 10 Total Grand List","Number",115570010
"Naugatuck","0900949950",2016,2017,2017,"Total Grand List","Number",1656486692
"New Britain","0900350440",2013,2014,2016,"Net Grand List","Number",2443704233
"New Britain","0900350440",2013,2014,2016,"Top 10 Total Grand List","Number",173359634
"New Britain","0900350440",2013,2014,2016,"Total Grand List","Number",2549887651
"New Britain","0900350440",2016,2017,2017,"Net Grand List","Number",2461910045
"New Britain","0900350440",2016,2017,2017,"Top 10 Total Grand List","Number",172856975
"New Britain","0900350440",2016,2017,2017,"Total Grand List","Number",2584263274
"New Canaan","0900150580",2013,2013,2016,"Net Grand List","Number",-666666
"New Canaan","0900150580",2013,2013,2016,"Top 10 Total Grand List","Number",-666666
"New Canaan","0900150580",2013,2013,2016,"Total Grand List","Number",-666666
"New Canaan","0900150580",2014,2014,2017,"Net Grand List","Number",-666666
"New Canaan","0900150580",2014,2014,2017,"Top 10 Total Grand List","Number",-666666
"New Canaan","0900150580",2014,2014,2017,"Total Grand List","Number",-666666
"New Fairfield","0900150860",2009,2010,2016,"Net Grand List","Number",1679534745
"New Fairfield","0900150860",2009,2010,2016,"Top 10 Total Grand List","Number",961697.14
"New Fairfield","0900150860",2009,2010,2016,"Total Grand List","Number",1685807775
"New Fairfield","0900150860",2009,2010,2017,"Net Grand List","Number",1679534745
"New Fairfield","0900150860",2009,2010,2017,"Top 10 Total Grand List","Number",961697.14
"New Fairfield","0900150860",2009,2010,2017,"Total Grand List","Number",1685807775
"New Hartford","0900551350",2014,2015,2016,"Net Grand List","Number",652909063
"New Hartford","0900551350",2014,2015,2016,"Top 10 Total Grand List","Number",40540230
"New Hartford","0900551350",2014,2015,2016,"Total Grand List","Number",666827
"New Hartford","0900551350",2015,2017,2017,"Net Grand List","Number",656493422
"New Hartford","0900551350",2015,2017,2017,"Top 10 Total Grand List","Number",47927470
"New Hartford","0900551350",2015,2017,2017,"Total Grand List","Number",669319032
"New Haven","0900952070",2009,2010,2016,"Net Grand List","Number",5447495563
"New Haven","0900952070",2009,2010,2016,"Top 10 Total Grand List","Number",1003972515
"New Haven","0900952070",2009,2010,2016,"Total Grand List","Number",6600398094
"New Haven","0900952070",2009,2010,2017,"Net Grand List","Number",5447495563
"New Haven","0900952070",2009,2010,2017,"Top 10 Total Grand List","Number",1003972515
"New Haven","0900952070",2009,2010,2017,"Total Grand List","Number",6600398094
"Newington","0900352140",2014,2015,2016,"Net Grand List","Number",2550822204
"Newington","0900352140",2014,2015,2016,"Top 10 Total Grand List","Number",176661012
"Newington","0900352140",2014,2015,2016,"Total Grand List","Number",2640106269
"Newington","0900352140",2014,2015,2017,"Net Grand List","Number",2550822204
"Newington","0900352140",2014,2015,2017,"Top 10 Total Grand List","Number",176661012
"Newington","0900352140",2014,2015,2017,"Total Grand List","Number",2640106269
"New London","0901152350",2014,2015,2016,"Net Grand List","Number",1255369371
"New London","0901152350",2014,2015,2016,"Top 10 Total Grand List","Number",156992184
"New London","0901152350",2014,2015,2016,"Total Grand List","Number",2165694231
"New London","0901152350",2016,2017,2017,"Net Grand List","Number",1309373494
"New London","0901152350",2016,2017,2017,"Top 10 Total Grand List","Number",203292867
"New London","0901152350",2016,2017,2017,"Total Grand List","Number",2184623320
"New Milford","0900552630",2013,2014,2016,"Net Grand List","Number",2895742140
"New Milford","0900552630",2013,2014,2016,"Top 10 Total Grand List","Number",220015875
"New Milford","0900552630",2013,2014,2016,"Total Grand List","Number",2968667080
"New Milford","0900552630",2016,2017,2017,"Net Grand List","Number",2881802500
"New Milford","0900552630",2016,2017,2017,"Top 10 Total Grand List","Number",239406305
"New Milford","0900552630",2016,2017,2017,"Total Grand List","Number",2970724760
"Newtown","0900152980",2013,2014,2016,"Net Grand List","Number",3053042306
"Newtown","0900152980",2013,2014,2016,"Top 10 Total Grand List","Number",119542375
"Newtown","0900152980",2013,2014,2016,"Total Grand List","Number",3366280206
"Newtown","0900152980",2014,2017,2017,"Net Grand List","Number",3075096001
"Newtown","0900152980",2014,2017,2017,"Top 10 Total Grand List","Number",112172725
"Newtown","0900152980",2014,2017,2017,"Total Grand List","Number",3394155203
"Norfolk","0900553470",2014,2015,2016,"Net Grand List","Number",292336650
"Norfolk","0900553470",2014,2015,2016,"Top 10 Total Grand List","Number",19676230
"Norfolk","0900553470",2014,2015,2016,"Total Grand List","Number",293732940
"Norfolk","0900553470",2016,2017,2017,"Net Grand List","Number",301157995
"Norfolk","0900553470",2016,2017,2017,"Top 10 Total Grand List","Number",24287130
"Norfolk","0900553470",2016,2017,2017,"Total Grand List","Number",302627345
"North Branford","0900953890",2014,2014,2016,"Net Grand List","Number",1257094900
"North Branford","0900953890",2014,2014,2016,"Top 10 Total Grand List","Number",178137363
"North Branford","0900953890",2014,2014,2016,"Total Grand List","Number",1279281720
"North Branford","0900953890",2016,2014,2017,"Net Grand List","Number",1236850776
"North Branford","0900953890",2016,2014,2017,"Top 10 Total Grand List","Number",129168761
"North Branford","0900953890",2016,2014,2017,"Total Grand List","Number",1264937558
"North Canaan","0900554030",2009,2010,2016,"Net Grand List","Number",344896380
"North Canaan","0900554030",2009,2010,2016,"Top 10 Total Grand List","Number",57452120
"North Canaan","0900554030",2009,2010,2016,"Total Grand List","Number",373967350
"North Canaan","0900554030",2016,2017,2017,"Net Grand List","Number",327861960
"North Canaan","0900554030",2016,2017,2017,"Top 10 Total Grand List","Number",104143810
"North Canaan","0900554030",2016,2017,2017,"Total Grand List","Number",370597870
"North Haven","0900954870",2014,2015,2016,"Net Grand List","Number",2810958951
"North Haven","0900954870",2014,2015,2016,"Top 10 Total Grand List","Number",198349497
"North Haven","0900954870",2014,2015,2016,"Total Grand List","Number",3215155147
"North Haven","0900954870",2014,2015,2017,"Net Grand List","Number",2810958951
"North Haven","0900954870",2014,2015,2017,"Top 10 Total Grand List","Number",198349497
"North Haven","0900954870",2014,2015,2017,"Total Grand List","Number",3215155147
"North Stonington","0901155500",2009,2010,2016,"Net Grand List","Number",620469730
"North Stonington","0901155500",2009,2010,2016,"Top 10 Total Grand List","Number",67793190
"North Stonington","0901155500",2009,2010,2016,"Total Grand List","Number",659361189
"North Stonington","0901155500",2016,2017,2017,"Net Grand List","Number",522068114
"North Stonington","0901155500",2016,2017,2017,"Top 10 Total Grand List","Number",0
"North Stonington","0901155500",2016,2017,2017,"Total Grand List","Number",567537965
"Norwalk","0900156060",2014,2015,2016,"Net Grand List","Number",11902540386
"Norwalk","0900156060",2014,2015,2016,"Top 10 Total Grand List","Number",1006630346
"Norwalk","0900156060",2014,2015,2016,"Total Grand List","Number",11972380282
"Norwalk","0900156060",2014,2015,2017,"Net Grand List","Number",11902540386
"Norwalk","0900156060",2014,2015,2017,"Top 10 Total Grand List","Number",1006630346
"Norwalk","0900156060",2014,2015,2017,"Total Grand List","Number",11972380282
"Norwich","0901156270",2014,2015,2016,"Net Grand List","Number",2423927020
"Norwich","0901156270",2014,2015,2016,"Top 10 Total Grand List","Number",142724020
"Norwich","0901156270",2014,2015,2016,"Total Grand List","Number",2457677290
"Norwich","0901156270",2014,2015,2017,"Net Grand List","Number",2423927020
"Norwich","0901156270",2014,2015,2017,"Top 10 Total Grand List","Number",142724020
"Norwich","0901156270",2014,2015,2017,"Total Grand List","Number",2457677290
"Old Lyme","0901157040",2013,2014,2016,"Net Grand List","Number",1614163861
"Old Lyme","0901157040",2013,2014,2016,"Top 10 Total Grand List","Number",57095890
"Old Lyme","0901157040",2013,2014,2016,"Total Grand List","Number",1619013491
"Old Lyme","0901157040",2016,2017,2017,"Net Grand List","Number",1574693985
"Old Lyme","0901157040",2016,2017,2017,"Top 10 Total Grand List","Number",59001770
"Old Lyme","0901157040",2016,2017,2017,"Total Grand List","Number",1681994355
"Old Saybrook","0900757320",2014,2015,2016,"Net Grand List","Number",2222504988
"Old Saybrook","0900757320",2014,2015,2016,"Top 10 Total Grand List","Number",0
"Old Saybrook","0900757320",2014,2015,2016,"Total Grand List","Number",2236850948
"Old Saybrook","0900757320",2014,2015,2017,"Net Grand List","Number",2222504988
"Old Saybrook","0900757320",2014,2015,2017,"Top 10 Total Grand List","Number",0
"Old Saybrook","0900757320",2014,2015,2017,"Total Grand List","Number",2236850948
"Orange","0900957600",2009,2010,2016,"Net Grand List","Number",1755214373
"Orange","0900957600",2009,2010,2016,"Top 10 Total Grand List","Number",158987000
"Orange","0900957600",2009,2010,2016,"Total Grand List","Number",2190164425
"Orange","0900957600",2015,2017,2017,"Net Grand List","Number",1938798050
"Orange","0900957600",2015,2017,2017,"Top 10 Total Grand List","Number",227197070
"Orange","0900957600",2015,2017,2017,"Total Grand List","Number",1958550920
"Oxford","0900958300",2014,2015,2016,"Net Grand List","Number",1442585447
"Oxford","0900958300",2014,2015,2016,"Top 10 Total Grand List","Number",82631360
"Oxford","0900958300",2014,2015,2016,"Total Grand List","Number",1458186407
"Oxford","0900958300",2016,2015,2017,"Net Grand List","Number",1477153946
"Oxford","0900958300",2016,2015,2017,"Top 10 Total Grand List","Number",106154610
"Oxford","0900958300",2016,2015,2017,"Total Grand List","Number",-666666
"Plainfield","0901559980",2014,2015,2016,"Net Grand List","Number",910620960
"Plainfield","0901559980",2014,2015,2016,"Top 10 Total Grand List","Number",169300640
"Plainfield","0901559980",2014,2015,2016,"Total Grand List","Number",973794870
"Plainfield","0901559980",2016,2017,2017,"Net Grand List","Number",935517040
"Plainfield","0901559980",2016,2017,2017,"Top 10 Total Grand List","Number",165315137
"Plainfield","0901559980",2016,2017,2017,"Total Grand List","Number",964264650
"Plainville","0900360120",2009,2015,2016,"Net Grand List","Number",1390764460
"Plainville","0900360120",2009,2015,2016,"Top 10 Total Grand List","Number",140869640
"Plainville","0900360120",2009,2015,2016,"Total Grand List","Number",1428960510
"Plainville","0900360120",2016,2017,2017,"Net Grand List","Number",1381073382
"Plainville","0900360120",2016,2017,2017,"Top 10 Total Grand List","Number",142811410
"Plainville","0900360120",2016,2017,2017,"Total Grand List","Number",1538910100
"Plymouth","0900560750",2013,2014,2016,"Net Grand List","Number",761188614
"Plymouth","0900560750",2013,2014,2016,"Top 10 Total Grand List","Number",27879760
"Plymouth","0900560750",2013,2014,2016,"Total Grand List","Number",819301844
"Plymouth","0900560750",2016,2017,2017,"Net Grand List","Number",741144609
"Plymouth","0900560750",2016,2017,2017,"Top 10 Total Grand List","Number",33488870
"Plymouth","0900560750",2016,2017,2017,"Total Grand List","Number",810016174
"Pomfret","0901561030",2013,2014,2016,"Net Grand List","Number",360292991
"Pomfret","0901561030",2013,2014,2016,"Top 10 Total Grand List","Number",21190060
"Pomfret","0901561030",2013,2014,2016,"Total Grand List","Number",366276763
"Pomfret","0901561030",2015,2017,2017,"Net Grand List","Number",343227049
"Pomfret","0901561030",2015,2017,2017,"Top 10 Total Grand List","Number",28123059
"Pomfret","0901561030",2015,2017,2017,"Total Grand List","Number",350256699
"Portland","0900761800",2013,2014,2016,"Net Grand List","Number",802729670
"Portland","0900761800",2013,2014,2016,"Top 10 Total Grand List","Number",36648620
"Portland","0900761800",2013,2014,2016,"Total Grand List","Number",810364905
"Portland","0900761800",2013,2014,2017,"Net Grand List","Number",802729670
"Portland","0900761800",2013,2014,2017,"Top 10 Total Grand List","Number",36648620
"Portland","0900761800",2013,2014,2017,"Total Grand List","Number",810364905
"Preston","0901162150",2014,2015,2016,"Net Grand List","Number",394079849
"Preston","0901162150",2014,2015,2016,"Top 10 Total Grand List","Number",34129680
"Preston","0901162150",2014,2015,2016,"Total Grand List","Number",493163131
"Preston","0901162150",2016,2017,2017,"Net Grand List","Number",402977198
"Preston","0901162150",2016,2017,2017,"Top 10 Total Grand List","Number",35866790
"Preston","0901162150",2016,2017,2017,"Total Grand List","Number",488892467
"Prospect","0900962290",2014,2015,2016,"Net Grand List","Number",823909431
"Prospect","0900962290",2014,2015,2016,"Top 10 Total Grand List","Number",42631770
"Prospect","0900962290",2014,2015,2016,"Total Grand List","Number",865543060
"Prospect","0900962290",2016,2017,2017,"Net Grand List","Number",845616845
"Prospect","0900962290",2016,2017,2017,"Top 10 Total Grand List","Number",45015108
"Prospect","0900962290",2016,2017,2017,"Total Grand List","Number",906228850
"Putnam","0901562710",2014,2015,2016,"Net Grand List","Number",612367518
"Putnam","0901562710",2014,2015,2016,"Top 10 Total Grand List","Number",86159140
"Putnam","0901562710",2014,2015,2016,"Total Grand List","Number",639624158
"Putnam","0901562710",2016,2017,2017,"Net Grand List","Number",612939259
"Putnam","0901562710",2016,2017,2017,"Top 10 Total Grand List","Number",85641768
"Putnam","0901562710",2016,2017,2017,"Total Grand List","Number",642088504
"Redding","0900163480",2014,2015,2016,"Net Grand List","Number",1631649246
"Redding","0900163480",2014,2015,2016,"Top 10 Total Grand List","Number",173523731
"Redding","0900163480",2014,2015,2016,"Total Grand List","Number",1667478388
"Redding","0900163480",2016,2017,2017,"Net Grand List","Number",1633286803
"Redding","0900163480",2016,2017,2017,"Top 10 Total Grand List","Number",173968688
"Redding","0900163480",2016,2017,2017,"Total Grand List","Number",1634382633
"Ridgefield","0900163970",2014,2015,2016,"Net Grand List","Number",4711745970
"Ridgefield","0900163970",2014,2015,2016,"Top 10 Total Grand List","Number",339965033
"Ridgefield","0900163970",2014,2015,2016,"Total Grand List","Number",4849726656
"Ridgefield","0900163970",2014,2015,2017,"Net Grand List","Number",4711745970
"Ridgefield","0900163970",2014,2015,2017,"Top 10 Total Grand List","Number",339965033
"Ridgefield","0900163970",2014,2015,2017,"Total Grand List","Number",4849726656
"Rocky Hill","0900365370",2014,2015,2016,"Net Grand List","Number",2019940470
"Rocky Hill","0900365370",2014,2015,2016,"Top 10 Total Grand List","Number",187171530
"Rocky Hill","0900365370",2014,2015,2016,"Total Grand List","Number",2268565320
"Rocky Hill","0900365370",2016,2017,2017,"Net Grand List","Number",2062612240
"Rocky Hill","0900365370",2016,2017,2017,"Top 10 Total Grand List","Number",213735380
"Rocky Hill","0900365370",2016,2017,2017,"Total Grand List","Number",2314086924
"Roxbury","0900565930",2013,2014,2016,"Net Grand List","Number",694544900
"Roxbury","0900565930",2013,2014,2016,"Top 10 Total Grand List","Number",44705260
"Roxbury","0900565930",2013,2014,2016,"Total Grand List","Number",695391800
"Roxbury","0900565930",2016,2017,2017,"Net Grand List","Number",707014810
"Roxbury","0900565930",2016,2017,2017,"Top 10 Total Grand List","Number",46017140
"Roxbury","0900565930",2016,2017,2017,"Total Grand List","Number",707872620
"Salem","0901166210",2014,2015,2016,"Net Grand List","Number",366726656
"Salem","0901166210",2014,2015,2016,"Top 10 Total Grand List","Number",21604130
"Salem","0901166210",2014,2015,2016,"Total Grand List","Number",369587117
"Salem","0901166210",2015,2017,2017,"Net Grand List","Number",366624276
"Salem","0901166210",2015,2017,2017,"Top 10 Total Grand List","Number",21427160
"Salem","0901166210",2015,2017,2017,"Total Grand List","Number",369484737
"Salisbury","0900566420",2013,2014,2016,"Net Grand List","Number",1168920470
"Salisbury","0900566420",2013,2014,2016,"Top 10 Total Grand List","Number",60221410
"Salisbury","0900566420",2013,2014,2016,"Total Grand List","Number",1172376930
"Salisbury","0900566420",2016,2017,2017,"Net Grand List","Number",1252734196
"Salisbury","0900566420",2016,2017,2017,"Top 10 Total Grand List","Number",70730500
"Salisbury","0900566420",2016,2017,2017,"Total Grand List","Number",1255850546
"Scotland","0901567400",2014,2015,2016,"Net Grand List","Number",113142275
"Scotland","0901567400",2014,2015,2016,"Top 10 Total Grand List","Number",6478497
"Scotland","0901567400",2014,2015,2016,"Total Grand List","Number",114235365
"Scotland","0901567400",2016,2017,2017,"Net Grand List","Number",114453985
"Scotland","0901567400",2016,2017,2017,"Top 10 Total Grand List","Number",6730480
"Scotland","0901567400",2016,2017,2017,"Total Grand List","Number",115928975
"Seymour","0900967610",2014,2015,2016,"Net Grand List","Number",1234045890
"Seymour","0900967610",2014,2015,2016,"Top 10 Total Grand List","Number",61939200
"Seymour","0900967610",2014,2015,2016,"Total Grand List","Number",1256931790
"Seymour","0900967610",2016,2017,2017,"Net Grand List","Number",1200101630
"Seymour","0900967610",2016,2017,2017,"Top 10 Total Grand List","Number",65343900
"Seymour","0900967610",2016,2017,2017,"Total Grand List","Number",1228240350
"Sharon","0900567960",2014,2015,2016,"Net Grand List","Number",725187484
"Sharon","0900567960",2014,2015,2016,"Top 10 Total Grand List","Number",69643105
"Sharon","0900567960",2014,2015,2016,"Total Grand List","Number",805944444
"Sharon","0900567960",2016,2017,2017,"Net Grand List","Number",742904228
"Sharon","0900567960",2016,2017,2017,"Top 10 Total Grand List","Number",77871070
"Sharon","0900567960",2016,2017,2017,"Total Grand List","Number",826423518
"Shelton","0900168170",2013,2014,2016,"Net Grand List","Number",4514471490
"Shelton","0900168170",2013,2014,2016,"Top 10 Total Grand List","Number",491444630
"Shelton","0900168170",2013,2014,2016,"Total Grand List","Number",4569314390
"Shelton","0900168170",2016,2017,2017,"Net Grand List","Number",4651410086
"Shelton","0900168170",2016,2017,2017,"Top 10 Total Grand List","Number",495953840
"Shelton","0900168170",2016,2017,2017,"Total Grand List","Number",4718489526
"Sherman","0900168310",2014,2015,2016,"Net Grand List","Number",667551747
"Sherman","0900168310",2014,2015,2016,"Top 10 Total Grand List","Number",27634866
"Sherman","0900168310",2014,2015,2016,"Total Grand List","Number",687877059
"Sherman","0900168310",2015,2017,2017,"Net Grand List","Number",678529904
"Sherman","0900168310",2015,2017,2017,"Top 10 Total Grand List","Number",27687215
"Sherman","0900168310",2015,2017,2017,"Total Grand List","Number",681082094
"Simsbury","0900368940",2013,2014,2016,"Net Grand List","Number",2251625275
"Simsbury","0900368940",2013,2014,2016,"Top 10 Total Grand List","Number",161625566
"Simsbury","0900368940",2013,2014,2016,"Total Grand List","Number",2567717411
"Simsbury","0900368940",2013,2014,2017,"Net Grand List","Number",2251625275
"Simsbury","0900368940",2013,2014,2017,"Top 10 Total Grand List","Number",161625566
"Simsbury","0900368940",2013,2014,2017,"Total Grand List","Number",2567717411
"Somers","0901369220",2014,2015,2016,"Net Grand List","Number",866472730
"Somers","0901369220",2014,2015,2016,"Top 10 Total Grand List","Number",45771540
"Somers","0901369220",2014,2015,2016,"Total Grand List","Number",875373180
"Somers","0901369220",2015,2017,2017,"Net Grand List","Number",846448180
"Somers","0901369220",2015,2017,2017,"Top 10 Total Grand List","Number",45928522
"Somers","0901369220",2015,2017,2017,"Total Grand List","Number",856051496
"Southbury","0900969640",2014,2015,2016,"Net Grand List","Number",2120359529
"Southbury","0900969640",2014,2015,2016,"Top 10 Total Grand List","Number",206216481
"Southbury","0900969640",2014,2015,2016,"Total Grand List","Number",2127699223
"Southbury","0900969640",2016,2017,2017,"Net Grand List","Number",2130144963
"Southbury","0900969640",2016,2017,2017,"Top 10 Total Grand List","Number",238273850
"Southbury","0900969640",2016,2017,2017,"Total Grand List","Number",2300756096
"Southington","0900370550",2014,2014,2016,"Net Grand List","Number",3828716963
"Southington","0900370550",2014,2014,2016,"Top 10 Total Grand List","Number",176098133
"Southington","0900370550",2014,2014,2016,"Total Grand List","Number",3930337896
"Southington","0900370550",2014,2014,2017,"Net Grand List","Number",3828716963
"Southington","0900370550",2014,2014,2017,"Top 10 Total Grand List","Number",176098133
"Southington","0900370550",2014,2014,2017,"Total Grand List","Number",3930337896
"South Windsor","0900371390",2014,2015,2016,"Net Grand List","Number",2501567051
"South Windsor","0900371390",2014,2015,2016,"Top 10 Total Grand List","Number",190153090
"South Windsor","0900371390",2014,2015,2016,"Total Grand List","Number",2614293671
"South Windsor","0900371390",2016,2017,2017,"Net Grand List","Number",2602708150
"South Windsor","0900371390",2016,2017,2017,"Top 10 Total Grand List","Number",223465770
"South Windsor","0900371390",2016,2017,2017,"Total Grand List","Number",2748019874
"Sprague","0901171670",2013,2014,2016,"Net Grand List","Number",165587070
"Sprague","0901171670",2013,2014,2016,"Top 10 Total Grand List","Number",20942590
"Sprague","0901171670",2013,2014,2016,"Total Grand List","Number",179356040
"Sprague","0901171670",2016,2017,2017,"Net Grand List","Number",173974460
"Sprague","0901171670",2016,2017,2017,"Top 10 Total Grand List","Number",45262894
"Sprague","0901171670",2016,2017,2017,"Total Grand List","Number",183191120
"Stafford","0901372090",2014,2015,2016,"Net Grand List","Number",769272354
"Stafford","0901372090",2014,2015,2016,"Top 10 Total Grand List","Number",42943030
"Stafford","0901372090",2014,2015,2016,"Total Grand List","Number",814900089
"Stafford","0901372090",2014,2015,2017,"Net Grand List","Number",769272354
"Stafford","0901372090",2014,2015,2017,"Top 10 Total Grand List","Number",42943030
"Stafford","0901372090",2014,2015,2017,"Total Grand List","Number",814900089
"Stamford","0900173070",2009,2010,2016,"Net Grand List","Number",24089986377
"Stamford","0900173070",2009,2010,2016,"Top 10 Total Grand List","Number",2351741740
"Stamford","0900173070",2009,2010,2016,"Total Grand List","Number",24133122494
"Stamford","0900173070",2009,2010,2017,"Net Grand List","Number",24089986377
"Stamford","0900173070",2009,2010,2017,"Top 10 Total Grand List","Number",2351741740
"Stamford","0900173070",2009,2010,2017,"Total Grand List","Number",24133122494
"Sterling","0901573420",2014,2015,2016,"Net Grand List","Number",224088830
"Sterling","0901573420",2014,2015,2016,"Top 10 Total Grand List","Number",19504662
"Sterling","0901573420",2014,2015,2016,"Total Grand List","Number",254194348
"Sterling","0901573420",2016,2016,2017,"Net Grand List","Number",225426236
"Sterling","0901573420",2016,2016,2017,"Top 10 Total Grand List","Number",0
"Sterling","0901573420",2016,2016,2017,"Total Grand List","Number",230668596
"Stonington","0901173770",2014,2015,2016,"Net Grand List","Number",2622270316
"Stonington","0901173770",2014,2015,2016,"Top 10 Total Grand List","Number",142221729
"Stonington","0901173770",2014,2015,2016,"Total Grand List","Number",2645521493
"Stonington","0901173770",2016,2017,2017,"Net Grand List","Number",2647816872
"Stonington","0901173770",2016,2017,2017,"Top 10 Total Grand List","Number",161418718
"Stonington","0901173770",2016,2017,2017,"Total Grand List","Number",2677711194
"Stratford","0900174190",2014,2015,2016,"Net Grand List","Number",4444196542
"Stratford","0900174190",2014,2015,2016,"Top 10 Total Grand List","Number",446222780
"Stratford","0900174190",2014,2015,2016,"Total Grand List","Number",5118745669
"Stratford","0900174190",2016,2015,2017,"Net Grand List","Number",4492487619
"Stratford","0900174190",2016,2015,2017,"Top 10 Total Grand List","Number",316420940
"Stratford","0900174190",2016,2015,2017,"Total Grand List","Number",5172405202
"Suffield","0900374540",2013,2014,2016,"Net Grand List","Number",1343190541
"Suffield","0900374540",2013,2014,2016,"Top 10 Total Grand List","Number",77908690
"Suffield","0900374540",2013,2014,2016,"Total Grand List","Number",1365583521
"Suffield","0900374540",2013,2014,2017,"Net Grand List","Number",1343190541
"Suffield","0900374540",2013,2014,2017,"Top 10 Total Grand List","Number",77908690
"Suffield","0900374540",2013,2014,2017,"Total Grand List","Number",1365583521
"Thomaston","0900575730",2014,2015,2016,"Net Grand List","Number",540231844
"Thomaston","0900575730",2014,2015,2016,"Top 10 Total Grand List","Number",0
"Thomaston","0900575730",2014,2015,2016,"Total Grand List","Number",621482616
"Thomaston","0900575730",2016,2017,2017,"Net Grand List","Number",547676208
"Thomaston","0900575730",2016,2017,2017,"Top 10 Total Grand List","Number",42431090
"Thomaston","0900575730",2016,2017,2017,"Total Grand List","Number",581762988
"Thompson","0901575870",2014,2015,2016,"Net Grand List","Number",-666666
"Thompson","0901575870",2014,2015,2016,"Top 10 Total Grand List","Number",0
"Thompson","0901575870",2014,2015,2016,"Total Grand List","Number",-666666
"Thompson","0901575870",2014,2015,2017,"Net Grand List","Number",-666666
"Thompson","0901575870",2014,2015,2017,"Top 10 Total Grand List","Number",0
"Thompson","0901575870",2014,2015,2017,"Total Grand List","Number",-666666
"Tolland","0901376290",2014,2015,2016,"Net Grand List","Number",1255176745
"Tolland","0901376290",2014,2015,2016,"Top 10 Total Grand List","Number",61072560
"Tolland","0901376290",2014,2015,2016,"Total Grand List","Number",1412389700
"Tolland","0901376290",2016,2017,2017,"Net Grand List","Number",1276711687
"Tolland","0901376290",2016,2017,2017,"Top 10 Total Grand List","Number",71692180
"Tolland","0901376290",2016,2017,2017,"Total Grand List","Number",1423261522
"Torrington","0900576570",2014,2015,2016,"Net Grand List","Number",1929178235
"Torrington","0900576570",2014,2015,2016,"Top 10 Total Grand List","Number",153919840
"Torrington","0900576570",2014,2015,2016,"Total Grand List","Number",1996669980
"Torrington","0900576570",2016,2017,2017,"Net Grand List","Number",1956793060
"Torrington","0900576570",2016,2017,2017,"Top 10 Total Grand List","Number",166531280
"Torrington","0900576570",2016,2017,2017,"Total Grand List","Number",202233610
"Trumbull","0900177200",2014,2015,2016,"Net Grand List","Number",4521143159
"Trumbull","0900177200",2014,2015,2016,"Top 10 Total Grand List","Number",512110220
"Trumbull","0900177200",2014,2015,2016,"Total Grand List","Number",4567125109
"Trumbull","0900177200",2014,2015,2017,"Net Grand List","Number",4521143159
"Trumbull","0900177200",2014,2015,2017,"Top 10 Total Grand List","Number",512110220
"Trumbull","0900177200",2014,2015,2017,"Total Grand List","Number",4567125109
"Union","0901377830",2013,2014,2016,"Net Grand List","Number",82030253
"Union","0901377830",2013,2014,2016,"Top 10 Total Grand List","Number",7118700
"Union","0901377830",2013,2014,2016,"Total Grand List","Number",82472413
"Union","0901377830",2016,2017,2017,"Net Grand List","Number",90522627
"Union","0901377830",2016,2017,2017,"Top 10 Total Grand List","Number",7413195
"Union","0901377830",2016,2017,2017,"Total Grand List","Number",90954077
"Vernon","0901378250",2014,2015,2016,"Net Grand List","Number",1768690830
"Vernon","0901378250",2014,2015,2016,"Top 10 Total Grand List","Number",190457999
"Vernon","0901378250",2014,2015,2016,"Total Grand List","Number",1787124288
"Vernon","0901378250",2014,2015,2017,"Net Grand List","Number",1768690830
"Vernon","0901378250",2014,2015,2017,"Top 10 Total Grand List","Number",190457999
"Vernon","0901378250",2014,2015,2017,"Total Grand List","Number",1787124288
"Voluntown","0901178600",2012,2012,2016,"Net Grand List","Number",199499086
"Voluntown","0901178600",2012,2012,2016,"Top 10 Total Grand List","Number",8621850
"Voluntown","0901178600",2012,2012,2016,"Total Grand List","Number",201315296
"Voluntown","0901178600",2016,2017,2017,"Net Grand List","Number",202824520
"Voluntown","0901178600",2016,2017,2017,"Top 10 Total Grand List","Number",12870910
"Voluntown","0901178600",2016,2017,2017,"Total Grand List","Number",234968020
"Wallingford","0900978740",2014,2015,2016,"Net Grand List","Number",4269026488
"Wallingford","0900978740",2014,2015,2016,"Top 10 Total Grand List","Number",320578570
"Wallingford","0900978740",2014,2015,2016,"Total Grand List","Number",4491639494
"Wallingford","0900978740",2015,2017,2017,"Net Grand List","Number",4217775833
"Wallingford","0900978740",2015,2017,2017,"Top 10 Total Grand List","Number",282928150
"Wallingford","0900978740",2015,2017,2017,"Total Grand List","Number",4464209753
"Warren","0900579510",2013,2014,2016,"Net Grand List","Number",346550150
"Warren","0900579510",2013,2014,2016,"Top 10 Total Grand List","Number",39611800
"Warren","0900579510",2013,2014,2016,"Total Grand List","Number",347439930
"Warren","0900579510",2016,2017,2017,"Net Grand List","Number",362998950
"Warren","0900579510",2016,2017,2017,"Top 10 Total Grand List","Number",42798220
"Warren","0900579510",2016,2017,2017,"Total Grand List","Number",363890670
"Washington","0900579720",2014,2015,2016,"Net Grand List","Number",1096164724
"Washington","0900579720",2014,2015,2016,"Top 10 Total Grand List","Number",0
"Washington","0900579720",2014,2015,2016,"Total Grand List","Number",1098373424
"Washington","0900579720",2016,2017,2017,"Net Grand List","Number",1112601752
"Washington","0900579720",2016,2017,2017,"Top 10 Total Grand List","Number",0
"Washington","0900579720",2016,2017,2017,"Total Grand List","Number",1114922662
"Waterbury","0900980070",2014,2015,2016,"Net Grand List","Number",4062065707
"Waterbury","0900980070",2014,2015,2016,"Top 10 Total Grand List","Number",454904689
"Waterbury","0900980070",2014,2015,2016,"Total Grand List","Number",4342105640
"Waterbury","0900980070",2016,2017,2017,"Net Grand List","Number",4143210535
"Waterbury","0900980070",2016,2017,2017,"Top 10 Total Grand List","Number",477937669
"Waterbury","0900980070",2016,2017,2017,"Total Grand List","Number",4345176065
"Waterford","0901180280",2013,2014,2016,"Net Grand List","Number",3197421928
"Waterford","0901180280",2013,2014,2016,"Top 10 Total Grand List","Number",1341513278
"Waterford","0901180280",2013,2014,2016,"Total Grand List","Number",3197688828
"Waterford","0901180280",2013,2014,2017,"Net Grand List","Number",3197421928
"Waterford","0901180280",2013,2014,2017,"Top 10 Total Grand List","Number",1341513278
"Waterford","0901180280",2013,2014,2017,"Total Grand List","Number",3197688828
"Watertown","0900580490",2009,2010,2016,"Net Grand List","Number",1912860767
"Watertown","0900580490",2009,2010,2016,"Top 10 Total Grand List","Number",93901737
"Watertown","0900580490",2009,2010,2016,"Total Grand List","Number",1963356486
"Watertown","0900580490",2009,2010,2017,"Net Grand List","Number",1912860767
"Watertown","0900580490",2009,2010,2017,"Top 10 Total Grand List","Number",93901737
"Watertown","0900580490",2009,2010,2017,"Total Grand List","Number",1963356486
"Westbrook","0900781680",2014,2015,2016,"Net Grand List","Number",1161296753
"Westbrook","0900781680",2014,2015,2016,"Top 10 Total Grand List","Number",115549890
"Westbrook","0900781680",2014,2015,2016,"Total Grand List","Number",1201658546
"Westbrook","0900781680",2016,2017,2017,"Net Grand List","Number",1136029532
"Westbrook","0900781680",2016,2017,2017,"Top 10 Total Grand List","Number",107904790
"Westbrook","0900781680",2016,2017,2017,"Total Grand List","Number",1183001292
"West Hartford","0900382590",2014,2015,2016,"Net Grand List","Number",5946170476
"West Hartford","0900382590",2014,2015,2016,"Top 10 Total Grand List","Number",289061100
"West Hartford","0900382590",2014,2015,2016,"Total Grand List","Number",6013765433
"West Hartford","0900382590",2016,2017,2017,"Net Grand List","Number",6240412461
"West Hartford","0900382590",2016,2017,2017,"Top 10 Total Grand List","Number",329781210
"West Hartford","0900382590",2016,2017,2017,"Total Grand List","Number",7181489000
"West Haven","0900982870",2014,2015,2016,"Net Grand List","Number",2853950725
"West Haven","0900982870",2014,2015,2016,"Top 10 Total Grand List","Number",105170590
"West Haven","0900982870",2014,2015,2016,"Total Grand List","Number",2901442209
"West Haven","0900982870",2014,2015,2017,"Net Grand List","Number",2853950725
"West Haven","0900982870",2014,2015,2017,"Top 10 Total Grand List","Number",105170590
"West Haven","0900982870",2014,2015,2017,"Total Grand List","Number",2901442209
"Weston","0900183430",2012,2013,2016,"Net Grand List","Number",2660640912
"Weston","0900183430",2012,2013,2016,"Top 10 Total Grand List","Number",61087465
"Weston","0900183430",2012,2013,2016,"Total Grand List","Number",2662116322
"Weston","0900183430",2016,2017,2017,"Net Grand List","Number",2372862954
"Weston","0900183430",2016,2017,2017,"Top 10 Total Grand List","Number",75786240
"Weston","0900183430",2016,2017,2017,"Total Grand List","Number",2374554024
"Westport","0900183500",2014,2015,2016,"Net Grand List","Number",9804698630
"Westport","0900183500",2014,2015,2016,"Top 10 Total Grand List","Number",373674340
"Westport","0900183500",2014,2015,2016,"Total Grand List","Number",14006712328
"Westport","0900183500",2015,2017,2017,"Net Grand List","Number",1279189398
"Westport","0900183500",2015,2017,2017,"Top 10 Total Grand List","Number",36286064
"Westport","0900183500",2015,2017,2017,"Total Grand List","Number",1302940302
"Wethersfield","0900384900",2012,2013,2016,"Net Grand List","Number",2338758240
"Wethersfield","0900384900",2012,2013,2016,"Top 10 Total Grand List","Number",107928280
"Wethersfield","0900384900",2012,2013,2016,"Total Grand List","Number",2353134620
"Wethersfield","0900384900",2016,2017,2017,"Net Grand List","Number",2242958976
"Wethersfield","0900384900",2016,2017,2017,"Top 10 Total Grand List","Number",114092290
"Wethersfield","0900384900",2016,2017,2017,"Total Grand List","Number",2451633166
"Willington","0901385950",2014,2015,2016,"Net Grand List","Number",439156890
"Willington","0901385950",2014,2015,2016,"Top 10 Total Grand List","Number",59940069
"Willington","0901385950",2014,2015,2016,"Total Grand List","Number",441365530
"Willington","0901385950",2016,2017,2017,"Net Grand List","Number",437877630
"Willington","0901385950",2016,2017,2017,"Top 10 Total Grand List","Number",61582790
"Willington","0901385950",2016,2017,2017,"Total Grand List","Number",440924010
"Wilton","0900186370",2014,2015,2016,"Net Grand List","Number",4296785600
"Wilton","0900186370",2014,2015,2016,"Top 10 Total Grand List","Number",433041850
"Wilton","0900186370",2014,2015,2016,"Total Grand List","Number",4352260300
"Wilton","0900186370",2014,2015,2017,"Net Grand List","Number",4296785600
"Wilton","0900186370",2014,2015,2017,"Top 10 Total Grand List","Number",433041850
"Wilton","0900186370",2014,2015,2017,"Total Grand List","Number",4352260300
"Winchester","0900586440",2014,2015,2016,"Net Grand List","Number",692625587
"Winchester","0900586440",2014,2015,2016,"Top 10 Total Grand List","Number",0
"Winchester","0900586440",2014,2015,2016,"Total Grand List","Number",716583502
"Winchester","0900586440",2014,2015,2017,"Net Grand List","Number",692625587
"Winchester","0900586440",2014,2015,2017,"Top 10 Total Grand List","Number",0
"Winchester","0900586440",2014,2015,2017,"Total Grand List","Number",716583502
"Windham","0901586790",2013,2014,2016,"Net Grand List","Number",862016955
"Windham","0901586790",2013,2014,2016,"Top 10 Total Grand List","Number",98103540
"Windham","0901586790",2013,2014,2016,"Total Grand List","Number",908621965
"Windham","0901586790",2016,2017,2017,"Net Grand List","Number",887904818
"Windham","0901586790",2016,2017,2017,"Top 10 Total Grand List","Number",92858490
"Windham","0901586790",2016,2017,2017,"Total Grand List","Number",1574043
"Windsor","0900387000",2014,2015,2016,"Net Grand List","Number",2849933303
"Windsor","0900387000",2014,2015,2016,"Top 10 Total Grand List","Number",498346002
"Windsor","0900387000",2014,2015,2016,"Total Grand List","Number",3279918507
"Windsor","0900387000",2016,2017,2017,"Net Grand List","Number",2886746036
"Windsor","0900387000",2016,2017,2017,"Top 10 Total Grand List","Number",479727417
"Windsor","0900387000",2016,2017,2017,"Total Grand List","Number",3012443703
"Windsor Locks","0900387070",2013,2014,2016,"Net Grand List","Number",1207270661
"Windsor Locks","0900387070",2013,2014,2016,"Top 10 Total Grand List","Number",233822584
"Windsor Locks","0900387070",2013,2014,2016,"Total Grand List","Number",-666666
"Windsor Locks","0900387070",2013,2014,2017,"Net Grand List","Number",1207270661
"Windsor Locks","0900387070",2013,2014,2017,"Top 10 Total Grand List","Number",233822584
"Windsor Locks","0900387070",2013,2014,2017,"Total Grand List","Number",-666666
"Wolcott","0900987560",2014,2015,2016,"Net Grand List","Number",1268176081
"Wolcott","0900987560",2014,2015,2016,"Top 10 Total Grand List","Number",33068130
"Wolcott","0900987560",2014,2015,2016,"Total Grand List","Number",1289717123
"Wolcott","0900987560",2015,2017,2017,"Net Grand List","Number",1279189398
"Wolcott","0900987560",2015,2017,2017,"Top 10 Total Grand List","Number",36286064
"Wolcott","0900987560",2015,2017,2017,"Total Grand List","Number",1302940302
"Woodbridge","0900987700",2014,2015,2016,"Net Grand List","Number",1136737140
"Woodbridge","0900987700",2014,2015,2016,"Top 10 Total Grand List","Number",68768810
"Woodbridge","0900987700",2014,2015,2016,"Total Grand List","Number",1140515600
"Woodbridge","0900987700",2015,2017,2017,"Net Grand List","Number",1139061800
"Woodbridge","0900987700",2015,2017,2017,"Top 10 Total Grand List","Number",68109430
"Woodbridge","0900987700",2015,2017,2017,"Total Grand List","Number",1142773230
"Woodbury","0900587910",2014,2015,2016,"Net Grand List","Number",1132215258
"Woodbury","0900587910",2014,2015,2016,"Top 10 Total Grand List","Number",33676670
"Woodbury","0900587910",2014,2015,2016,"Total Grand List","Number",1205295100
"Woodbury","0900587910",2016,2017,2017,"Net Grand List","Number",1058340726
"Woodbury","0900587910",2016,2017,2017,"Top 10 Total Grand List","Number",50704530
"Woodbury","0900587910",2016,2017,2017,"Total Grand List","Number",1133760443
"Woodstock","0901588190",2014,2015,2016,"Net Grand List","Number",679472630
"Woodstock","0901588190",2014,2015,2016,"Top 10 Total Grand List","Number",39114891
"Woodstock","0901588190",2014,2015,2016,"Total Grand List","Number",697281383
"Woodstock","0901588190",2016,2017,2017,"Net Grand List","Number",711140263
"Woodstock","0901588190",2016,2017,2017,"Top 10 Total Grand List","Number",33047080
"Woodstock","0901588190",2016,2017,2017,"Total Grand List","Number",731264063
